n,exact_expected_real,mc_expected_real,abs_error_real,exact_expected_score,mc_expected_score,stderr_utility
1,7.878717635919599,7.878229667899111,0.00048796802048745036,9.305238095238078,9.30415,0.0035034034132755978
2,7.822333795937799,7.82050413088273,0.0018296650550686522,9.344048752834432,9.34415,0.003659820649887259
4,7.762332927218235,7.762511755705706,0.00017882848747063917,9.375015987827789,9.374940000000002,0.003758658809497993
8,7.705888949638896,7.706920161630535,0.001031211991638692,9.399220331361795,9.399140000000003,0.003860435705178036
16,7.6603772963902,7.665722030200247,0.0053447338100474084,9.413532483499173,9.413050000000002,0.004030552414536934
32,7.604061187262236,7.607626555072843,0.003565367810606901,9.426373305741981,9.426940000000002,0.004366390584646571
64,7.51633208342529,7.520359220452668,0.00402713702737767,9.445797592592934,9.445690000000003,0.004558745165973603
