{
  "max_return": 7.2286062331700975,
  "q50": 3.5786936782018417,
  "q90": 5.500392451083699,
  "q95": 6.31391436589062,
  "q99": 7.104500583826632,
  "support_gap_q95": 3.0,
  "support_gap_q99": 2.2094137820639874,
  "target_return": 9.31391436589062
}
